City_ID,City,Country,Date,Lat,Lng,Max Temp,Humidity,Cloudiness,Wind Speed
0,Punta Arenas,CL,2021-10-03 00:39:32,-53.15,-70.9167,42.91,81,75,9.22
1,Sorland,NO,2021-10-03 00:40:00,67.667,12.6934,53.73,81,100,17.02
2,Tezu,IN,2021-10-03 00:41:00,27.9167,96.1667,72.88,97,100,3.11
3,Padang,ID,2021-10-03 00:40:17,-0.9492,100.3543,75.25,76,88,1.05
4,Vegreville,CA,2021-10-03 00:41:01,53.5001,-112.0518,59.7,29,100,5.75
5,Lavrentiya,RU,2021-10-03 00:39:26,65.5833,-171.0,29.08,74,7,6.51
6,Ushuaia,AR,2021-10-03 00:39:42,-54.8,-68.3,42.46,75,75,16.11
7,Mataura,NZ,2021-10-03 00:39:26,-46.1927,168.8643,55.47,68,100,2.04
8,Kouqian,CN,2021-10-03 00:41:02,43.6391,126.4578,58.75,84,100,13.44
9,Naryan-Mar,RU,2021-10-03 00:41:02,67.6713,53.087,35.83,80,100,8.88
10,Rikitea,PF,2021-10-03 00:41:03,-23.1203,-134.9692,73.35,66,0,20.83
11,Praia,CV,2021-10-03 00:41:03,14.9215,-23.5087,79.34,78,20,9.22
12,Yar-Sale,RU,2021-10-03 00:41:04,66.8333,70.8333,27.93,87,29,10.89
13,Busselton,AU,2021-10-03 00:41:04,-33.65,115.3333,57.04,49,12,14.5
14,Pisco,PE,2021-10-03 00:41:04,-13.7,-76.2167,62.65,82,0,14.97
15,Iqaluit,CA,2021-10-03 00:41:05,63.7506,-68.5145,31.73,93,1,3.0
16,New Norfolk,AU,2021-10-03 00:41:05,-42.7826,147.0587,57.9,70,100,3.0
17,La Ronge,CA,2021-10-03 00:38:59,55.1001,-105.2842,57.45,54,90,3.44
18,Aliaga,PH,2021-10-03 00:41:06,15.5167,120.8667,81.16,80,98,0.83
19,Caravelas,BR,2021-10-03 00:41:06,-17.7125,-39.2481,75.47,84,1,13.06
20,Coquimbo,CL,2021-10-03 00:41:07,-29.9533,-71.3436,55.13,82,0,12.66
21,Georgiyevka,KZ,2021-10-03 00:41:07,43.0369,74.7114,32.04,100,90,4.47
22,Salalah,OM,2021-10-03 00:41:08,17.0151,54.0924,80.69,89,75,9.22
23,Mascote,BR,2021-10-03 00:41:09,-15.5631,-39.3025,69.62,95,2,4.03
24,Bethel,US,2021-10-03 00:38:48,41.3712,-73.414,64.92,86,1,3.44
25,Lebu,CL,2021-10-03 00:41:10,-37.6167,-73.65,48.54,70,5,17.36
26,Castro,BR,2021-10-03 00:41:10,-24.7911,-50.0119,60.58,98,100,3.51
27,Nantucket,US,2021-10-03 00:41:11,41.2835,-70.0995,66.99,83,1,14.97
28,Ribeira Grande,PT,2021-10-03 00:41:11,38.5167,-28.7,71.8,89,92,11.14
29,Orange Cove,US,2021-10-03 00:36:48,36.6244,-119.3137,91.06,18,1,4.61
30,Hermanus,ZA,2021-10-03 00:39:34,-34.4187,19.2345,51.91,65,27,0.92
31,Kapaa,US,2021-10-03 00:38:21,22.0752,-159.319,87.78,71,90,4.0
32,Cape Town,ZA,2021-10-03 00:36:36,-33.9258,18.4232,52.12,70,40,4.61
33,Nizhniy Ingash,RU,2021-10-03 00:41:13,56.2,96.53,35.55,87,93,6.06
34,Umm Lajj,SA,2021-10-03 00:41:13,25.0213,37.2685,80.1,65,0,13.06
35,Albany,US,2021-10-03 00:41:14,42.6001,-73.9662,64.81,86,23,3.58
36,Nianzishan,CN,2021-10-03 00:39:27,47.5167,122.8833,42.76,92,100,13.98
37,Grindavik,IS,2021-10-03 00:41:14,63.8424,-22.4338,42.75,75,75,29.93
38,Norman Wells,CA,2021-10-03 00:41:15,65.282,-126.8329,33.84,93,90,10.36
39,Morgan City,US,2021-10-03 00:41:15,29.6994,-91.2068,75.99,100,20,4.61
40,Thompson,CA,2021-10-03 00:37:53,55.7435,-97.8558,55.56,82,75,2.3
41,Hithadhoo,MV,2021-10-03 00:39:41,-0.6,73.0833,83.3,72,23,13.04
42,San Quintin,MX,2021-10-03 00:41:16,30.4833,-115.95,77.11,46,60,4.03
43,Rio Cuarto,AR,2021-10-03 00:41:17,-33.1307,-64.3499,55.17,30,0,6.91
44,Severo-Kurilsk,RU,2021-10-03 00:39:28,50.6789,156.125,47.3,95,100,23.51
45,Progreso,MX,2021-10-03 00:41:17,21.2833,-89.6667,80.11,76,87,14.74
46,Airai,TL,2021-10-03 00:41:18,-8.9266,125.4092,75.31,48,6,2.84
47,Bubaque,GW,2021-10-03 00:40:39,11.2833,-15.8333,81.52,78,99,9.51
48,Faanui,PF,2021-10-03 00:41:18,-16.4833,-151.75,79.18,73,13,14.34
49,Abu Samrah,SY,2021-10-03 00:41:19,35.3029,37.1841,67.87,78,0,9.48
50,Marinette,US,2021-10-03 00:41:19,45.1,-87.6307,69.89,88,1,4.61
51,Banjarmasin,ID,2021-10-03 00:41:20,-3.3244,114.591,77.14,66,83,1.72
52,Tasiilaq,GL,2021-10-03 00:41:20,65.6145,-37.6368,37.56,63,0,5.53
53,Kavieng,PG,2021-10-03 00:41:20,-2.5744,150.7967,84.67,65,20,4.52
54,Brae,GB,2021-10-03 00:41:21,60.3964,-1.353,51.71,85,100,27.13
55,Mirabad,AF,2021-10-03 00:41:22,30.4362,61.8383,64.27,31,7,21.27
56,Saint-Philippe,RE,2021-10-03 00:41:22,-21.3585,55.7679,69.39,75,45,13.2
57,Labuhan,ID,2021-10-03 00:41:23,-6.8844,112.2051,82.67,63,100,10.42
58,Ponnani,IN,2021-10-03 00:41:23,10.767,75.9252,76.32,93,100,3.47
59,Maxixe,MZ,2021-10-03 00:41:24,-23.8597,35.3472,73.58,91,88,9.19
60,Bernay,FR,2021-10-03 00:41:24,49.1667,0.6667,57.11,95,100,3.89
61,Hvolsvollur,IS,2021-10-03 00:41:25,63.7533,-20.2243,40.8,78,100,16.64
62,Longyearbyen,SJ,2021-10-03 00:41:25,78.2186,15.6401,37.24,87,75,2.3
63,Atambua,ID,2021-10-03 00:41:26,-9.1061,124.8925,85.39,51,6,1.66
64,Avarua,CK,2021-10-03 00:41:27,-21.2078,-159.775,75.25,88,75,10.36
65,Atuona,PF,2021-10-03 00:41:27,-9.8,-139.0333,78.19,74,6,20.69
66,Bredasdorp,ZA,2021-10-03 00:41:27,-34.5322,20.0403,45.28,72,27,5.84
67,Nalut,LY,2021-10-03 00:41:28,30.3333,10.85,72.37,36,0,9.57
68,Victoria,HK,2021-10-03 00:41:28,22.2855,114.1577,87.22,85,45,1.01
69,Kavaratti,IN,2021-10-03 00:41:28,10.5669,72.642,81.7,80,100,14.5
70,Kirakira,SB,2021-10-03 00:41:29,-10.4544,161.9205,82.89,78,34,3.87
71,Port Alfred,ZA,2021-10-03 00:39:54,-33.5906,26.891,53.29,69,83,22.21
72,Upernavik,GL,2021-10-03 00:41:29,72.7868,-56.1549,29.79,71,100,7.14
73,Vaini,TO,2021-10-03 00:41:30,-21.2,-175.2,77.16,83,75,13.8
74,Acajutla,SV,2021-10-03 00:41:30,13.5928,-89.8275,88.14,82,56,4.23
75,Puurmani,EE,2021-10-03 00:41:31,58.5738,26.2878,41.22,89,26,7.63
76,Ilulissat,GL,2021-10-03 00:41:31,69.2167,-51.1,17.04,75,21,7.02
77,Carnarvon,AU,2021-10-03 00:41:32,-24.8667,113.6333,60.87,82,90,13.8
78,Barrow,US,2021-10-03 00:36:34,71.2906,-156.7887,30.22,80,90,13.8
79,Bambous Virieux,MU,2021-10-03 00:41:32,-20.3428,57.7575,72.21,88,40,11.5
80,Cowra,AU,2021-10-03 00:41:33,-33.8333,148.6833,64.27,74,99,8.99
81,Comodoro Rivadavia,AR,2021-10-03 00:41:33,-45.8667,-67.5,42.66,61,0,6.91
82,Vestmanna,FO,2021-10-03 00:41:34,62.1564,-7.1664,49.12,93,75,16.11
83,Berlevag,NO,2021-10-03 00:40:47,70.8578,29.0864,49.39,85,76,26.11
84,Nikolskoye,RU,2021-10-03 00:41:35,59.7035,30.7861,45.88,95,17,4.83
85,Hami,CN,2021-10-03 00:39:10,42.8,93.45,50.22,36,100,12.01
86,Tiksi,RU,2021-10-03 00:40:58,71.6872,128.8694,27.0,85,62,15.41
87,Buala,SB,2021-10-03 00:41:36,-8.145,159.5921,81.73,81,96,2.28
88,Haines Junction,CA,2021-10-03 00:41:36,60.7522,-137.5108,44.55,49,100,5.75
89,Butaritari,KI,2021-10-03 00:41:37,3.0707,172.7902,82.13,67,25,18.72
90,Lagoa,PT,2021-10-03 00:41:37,39.05,-27.9833,70.03,87,100,11.1
91,Nanortalik,GL,2021-10-03 00:41:11,60.1432,-45.2371,40.12,76,8,3.13
92,Mount Gambier,AU,2021-10-03 00:37:27,-37.8333,140.7667,57.11,94,90,11.5
93,Puerto Ayora,EC,2021-10-03 00:41:38,-0.7393,-90.3518,73.36,90,63,8.16
94,Hilo,US,2021-10-03 00:41:38,19.7297,-155.09,83.93,72,75,8.05
95,Fortuna,US,2021-10-03 00:39:48,40.5982,-124.1573,61.93,68,1,4.0
96,Kupang,ID,2021-10-03 00:41:39,-10.1667,123.5833,84.25,61,36,6.8
97,Henties Bay,NA,2021-10-03 00:41:40,-22.116,14.2845,53.85,92,2,7.83
98,Sao Filipe,CV,2021-10-03 00:40:49,14.8961,-24.4956,79.45,82,74,11.52
99,Bluff,NZ,2021-10-03 00:40:04,-46.6,168.3333,55.8,73,100,4.97
100,Ancud,CL,2021-10-03 00:41:41,-41.8697,-73.8203,45.93,85,42,8.79
101,Tessalit,ML,2021-10-03 00:41:41,20.1986,1.0114,87.85,13,100,4.25
102,Whitehorse,CA,2021-10-03 00:41:42,60.7161,-135.0538,42.03,56,75,17.0
103,Agadez,NE,2021-10-03 00:41:42,19.75,10.25,78.42,21,0,10.07
104,Tuktoyaktuk,CA,2021-10-03 00:40:23,69.4541,-133.0374,37.4,87,90,9.22
105,Taganak,PH,2021-10-03 00:41:43,6.0833,118.3,78.94,78,97,7.58
106,Guerrero Negro,MX,2021-10-03 00:41:43,27.9769,-114.0611,77.74,63,1,15.08
107,Pangkalanbuun,ID,2021-10-03 00:41:43,-2.6833,111.6167,82.67,73,97,0.47
108,Cuamba,MZ,2021-10-03 00:41:44,-14.8031,36.5372,73.04,52,5,5.75
109,Beli Manastir,HR,2021-10-03 00:41:44,45.77,18.6036,51.37,56,25,6.64
110,Port Elizabeth,ZA,2021-10-03 00:41:45,-33.918,25.5701,50.09,81,75,12.66
111,Wanning,CN,2021-10-03 00:41:45,18.8003,110.3967,82.17,76,21,3.87
112,Tuatapere,NZ,2021-10-03 00:41:45,-46.1333,167.6833,55.81,70,100,4.21
113,Port Hardy,CA,2021-10-03 00:41:46,50.6996,-127.4199,51.98,93,90,9.22
114,Suntar,RU,2021-10-03 00:41:46,62.1444,117.6319,34.81,54,9,1.66
115,Makakilo City,US,2021-10-03 00:41:47,21.3469,-158.0858,86.32,53,40,6.91
116,Korla,CN,2021-10-03 00:39:13,41.7597,86.1469,49.96,43,100,16.73
117,Ponta Delgada,PT,2021-10-03 00:40:10,37.7333,-25.6667,74.5,88,75,9.22
118,Kudahuvadhoo,MV,2021-10-03 00:41:48,2.6708,72.8944,82.94,73,35,13.44
119,Ypsonas,CY,2021-10-03 00:41:48,34.6884,32.9574,72.99,60,0,3.44
120,Jamestown,US,2021-10-03 00:37:27,42.097,-79.2353,64.71,75,1,1.01
121,Nisia Floresta,BR,2021-10-03 00:41:49,-6.0911,-35.2086,79.18,89,3,6.6
122,Raudeberg,NO,2021-10-03 00:41:50,61.9875,5.1352,52.86,59,100,5.01
123,Imatra,FI,2021-10-03 00:41:50,61.1719,28.7524,41.38,82,16,4.0
124,Upata,VE,2021-10-03 00:40:14,8.0086,-62.3989,75.2,95,100,3.36
125,Letlhakane,BW,2021-10-03 00:41:51,-21.4167,25.5833,66.6,18,0,11.07
126,Frome,GB,2021-10-03 00:41:51,51.2283,-2.3221,52.03,94,100,5.7
127,Sao Felix Do Xingu,BR,2021-10-03 00:41:51,-6.6447,-51.995,72.14,97,100,2.77
128,Muromtsevo,RU,2021-10-03 00:41:52,56.3724,75.2418,33.44,99,100,4.63
129,Bengkulu,ID,2021-10-03 00:41:52,-3.8004,102.2655,78.22,80,37,2.24
130,Qaanaaq,GL,2021-10-03 00:41:52,77.484,-69.3632,30.13,95,100,15.61
131,Nemuro,JP,2021-10-03 00:41:53,43.3236,145.575,64.83,66,0,15.17
132,Saskylakh,RU,2021-10-03 00:41:54,71.9167,114.0833,23.31,96,97,5.41
133,Provideniya,RU,2021-10-03 00:41:54,64.3833,-173.3,29.89,66,0,2.04
134,Ituiutaba,BR,2021-10-03 00:41:54,-18.9689,-49.465,82.45,44,9,4.29
135,Buin,CL,2021-10-03 00:41:55,-33.7333,-70.75,59.74,67,0,7.65
136,Nome,US,2021-10-03 00:41:55,64.5011,-165.4064,37.47,52,20,19.57
137,Saint-Francois,FR,2021-10-03 00:41:56,46.4154,3.9054,67.44,63,0,19.57
138,Kudat,MY,2021-10-03 00:41:56,6.8837,116.8477,80.53,83,20,14.97
139,Cayenne,GF,2021-10-03 00:40:56,4.9333,-52.3333,84.09,78,0,4.0
140,Mattru,SL,2021-10-03 00:41:57,7.6244,-11.8332,73.22,98,100,1.19
141,Kamaishi,JP,2021-10-03 00:41:58,39.2667,141.8833,63.55,54,0,2.15
142,Axim,GH,2021-10-03 00:41:58,4.8699,-2.2405,76.26,90,79,6.22
143,Chara,RU,2021-10-03 00:41:58,56.9064,118.2631,34.65,54,9,1.72
144,Uray,RU,2021-10-03 00:41:59,60.1247,64.7758,28.49,94,23,6.08
145,Adrar,MR,2021-10-03 00:42:00,20.5022,-10.0711,86.99,13,1,4.12
146,Ranong,TH,2021-10-03 00:42:00,9.9658,98.6348,76.93,78,100,2.82
147,Bucerias,MX,2021-10-03 00:38:53,20.75,-105.3333,85.98,70,40,5.75
148,Faya,SA,2021-10-03 00:42:01,18.3851,42.4509,64.51,29,99,4.47
149,Souillac,MU,2021-10-03 00:42:01,-20.5167,57.5167,72.36,88,40,11.5
150,Kawalu,ID,2021-10-03 00:42:02,-7.3817,108.2082,75.79,78,88,3.33
151,Skjervoy,NO,2021-10-03 00:42:02,70.0311,20.9714,50.97,81,100,13.24
152,Xiongzhou,CN,2021-10-03 00:42:03,25.1167,114.3,85.71,65,2,2.8
153,Yellowknife,CA,2021-10-03 00:42:03,62.456,-114.3525,49.41,94,75,14.97
154,Linares,CL,2021-10-03 00:42:04,-35.85,-71.6,44.29,61,0,10.65
155,Coihaique,CL,2021-10-03 00:42:04,-45.5752,-72.0662,44.55,61,75,6.91
156,Gayeri,BF,2021-10-03 00:42:04,12.6497,0.4931,81.97,52,88,7.92
157,Iranshahr,IR,2021-10-03 00:42:05,27.2025,60.6848,86.34,30,0,11.5
158,Lorengau,PG,2021-10-03 00:42:05,-2.0226,147.2712,85.78,64,41,4.88
159,Kodiak,US,2021-10-03 00:40:08,57.79,-152.4072,39.52,50,92,27.67
160,Port-Cartier,CA,2021-10-03 00:42:06,50.0334,-66.8654,43.75,91,100,5.79
161,Hobart,AU,2021-10-03 00:42:07,-42.8794,147.3294,58.26,94,75,1.99
162,Darhan,MN,2021-10-03 00:42:07,49.4867,105.9228,37.9,75,100,0.74
163,Jega,NG,2021-10-03 00:42:07,12.2175,4.3792,82.17,57,21,7.96
164,Los Llanos De Aridane,ES,2021-10-03 00:42:08,28.6585,-17.9182,67.75,83,0,11.5
165,Khatanga,RU,2021-10-03 00:42:08,71.9667,102.5,15.6,97,66,2.08
166,Atbasar,KZ,2021-10-03 00:42:08,51.8,68.3333,36.59,89,92,3.53
167,Sitka,US,2021-10-03 00:42:09,57.0531,-135.33,44.49,70,90,9.22
168,Lichinga,MZ,2021-10-03 00:42:09,-13.3128,35.2406,66.29,68,0,12.66
169,Tupik,RU,2021-10-03 00:42:10,54.4253,119.9327,37.99,52,8,2.35
170,Margate,GB,2021-10-03 00:42:10,51.3813,1.3862,57.31,86,100,1.99
171,Port Lincoln,AU,2021-10-03 00:40:58,-34.7333,135.8667,59.5,62,34,28.07
172,Sayyan,YE,2021-10-03 00:42:11,15.1718,44.3244,62.6,44,100,3.42
173,Srednekolymsk,RU,2021-10-03 00:42:11,67.45,153.6833,26.89,75,89,15.1
174,Nieuwegein,NL,2021-10-03 00:42:12,52.0292,5.0806,63.45,94,100,20.42
175,Palmer,US,2021-10-03 00:38:45,42.1584,-72.3287,65.57,70,20,5.75
176,Saint George,US,2021-10-03 00:39:05,37.1041,-113.5841,88.27,16,1,0.0
177,Hovd,MN,2021-10-03 00:42:13,48.0056,91.6419,32.49,38,2,5.37
178,Chifeng,CN,2021-10-03 00:39:11,42.2683,118.9636,65.48,65,24,4.7
179,Tongliao,CN,2021-10-03 00:42:13,43.6125,122.2653,72.41,54,9,13.78
180,Erzin,TR,2021-10-03 00:42:14,36.9559,36.2,75.0,72,7,2.53
181,East London,ZA,2021-10-03 00:42:14,-33.0153,27.9116,53.87,60,12,18.01
182,Geraldton,AU,2021-10-03 00:42:14,-28.7667,114.6,64.81,77,75,13.8
183,Torbay,CA,2021-10-03 00:42:15,47.6666,-52.7314,55.27,88,20,8.05
184,Esmeraldas,BR,2021-10-03 00:42:15,-19.7625,-44.3139,72.64,71,74,2.86
185,Touros,BR,2021-10-03 00:42:16,-5.1989,-35.4608,77.9,82,11,12.53
186,Saldanha,ZA,2021-10-03 00:42:16,-33.0117,17.9442,44.65,64,53,13.51
187,Mar Del Plata,AR,2021-10-03 00:37:53,-38.0023,-57.5575,55.13,66,90,8.99
188,Myitkyina,MM,2021-10-03 00:42:17,25.3833,97.4,74.71,98,83,0.09
189,Zyryanka,RU,2021-10-03 00:42:17,65.75,150.85,30.7,71,95,7.7
190,San Francisco,US,2021-10-03 00:40:38,37.7749,-122.4194,94.98,57,20,4.0
191,Kaitangata,NZ,2021-10-03 00:42:18,-46.2817,169.8464,54.93,76,100,1.74
192,Vila Velha,BR,2021-10-03 00:42:18,-20.3297,-40.2925,76.95,83,40,12.66
193,Chuy,UY,2021-10-03 00:42:19,-33.6971,-53.4616,55.06,85,100,5.46
194,Tagusao,PH,2021-10-03 00:42:20,9.1924,117.8141,83.14,75,94,4.68
195,Sao Joao Da Barra,BR,2021-10-03 00:42:20,-21.6403,-41.0511,73.92,92,79,3.71
196,Pronsk,RU,2021-10-03 00:42:20,54.1048,39.6092,37.63,79,38,2.66
197,Novobiryusinskiy,RU,2021-10-03 00:42:21,56.9578,97.7076,37.63,92,100,3.71
198,Bay Roberts,CA,2021-10-03 00:42:22,47.5999,-53.2648,56.03,93,100,1.99
199,Solok,ID,2021-10-03 00:42:22,-0.7918,100.6593,70.75,86,97,0.69
200,Viseu,PT,2021-10-03 00:42:23,40.661,-7.9097,62.89,96,100,14.41
201,Batticaloa,LK,2021-10-03 00:42:24,7.7102,81.6924,78.57,86,92,6.51
202,Bambanglipuro,ID,2021-10-03 00:42:24,-7.95,110.2833,78.57,73,94,8.61
203,Pilar,BR,2021-10-03 00:38:55,-9.5972,-35.9567,76.93,95,14,4.65
204,Ixtapa,MX,2021-10-03 00:42:25,20.7,-105.2,85.23,70,40,5.75
205,Bonaventure,CA,2021-10-03 00:42:25,48.0457,-65.4926,51.35,100,100,3.44
206,Sola,VU,2021-10-03 00:42:26,-13.8833,167.55,77.67,94,90,5.75
207,Sudova Vyshnya,UA,2021-10-03 00:42:26,49.7889,23.3722,47.19,72,3,7.36
208,Kenai,US,2021-10-03 00:42:26,60.5544,-151.2583,42.85,55,90,14.97
209,Cabo San Lucas,MX,2021-10-03 00:38:22,22.8909,-109.9124,84.51,88,90,0.0
210,Cherskiy,RU,2021-10-03 00:41:39,68.75,161.3,27.46,95,100,12.55
211,Dikson,RU,2021-10-03 00:42:27,73.5069,80.5464,33.46,96,100,8.03
212,Senador Guiomard,BR,2021-10-03 00:42:28,-10.1522,-67.7392,85.75,62,52,3.49
213,Te Anau,NZ,2021-10-03 00:42:18,-45.4167,167.7167,53.01,65,100,1.23
214,Georgetown,MY,2021-10-03 00:37:46,5.4112,100.3354,81.9,91,20,1.01
215,Magadan,RU,2021-10-03 00:42:28,59.5667,150.8,43.32,72,100,6.6
216,Smithers,CA,2021-10-03 00:42:29,54.7804,-127.1743,50.32,53,40,18.41
217,Grafton,US,2021-10-03 00:42:27,42.207,-71.6856,65.34,76,1,1.01
218,Moussoro,TD,2021-10-03 00:42:30,13.6408,16.4901,87.42,19,97,9.33
219,Mabaruma,GY,2021-10-03 00:42:30,8.2,-59.7833,73.85,97,100,3.8
220,Uarini,BR,2021-10-03 00:42:31,-2.99,-65.1083,73.81,96,85,2.28
221,Mosquera,CO,2021-10-03 00:42:31,4.7059,-74.2302,57.29,82,40,4.61
222,Ponta Do Sol,PT,2021-10-03 00:42:32,32.6667,-17.1,72.72,79,0,3.18
223,Cazones,MX,2021-10-03 00:42:32,20.7167,-97.3167,77.45,88,100,3.36
224,Bahia Blanca,AR,2021-10-03 00:42:32,-38.7196,-62.2724,45.97,64,0,8.7
225,Urusha,RU,2021-10-03 00:42:33,54.05,122.9,40.44,50,41,2.89
226,Inhambane,MZ,2021-10-03 00:42:33,-23.865,35.3833,74.14,91,91,10.11
227,Constitucion,CL,2021-10-03 00:42:34,-35.3333,-72.4167,50.29,54,0,15.86
228,San Patricio,US,2021-10-03 00:42:34,28.017,-97.5169,83.53,71,100,6.08
229,Kieta,PG,2021-10-03 00:42:35,-6.2167,155.6333,83.28,72,100,4.56
230,Pangody,RU,2021-10-03 00:42:35,65.85,74.4859,29.91,84,100,14.65
231,Hasaki,JP,2021-10-03 00:39:14,35.7333,140.8333,77.29,67,0,14.61
232,Timmins,CA,2021-10-03 00:42:36,48.4669,-81.3331,53.42,94,90,6.91
233,Burshtyn,UA,2021-10-03 00:42:36,49.2587,24.6278,43.75,62,31,6.58
234,Lata,PT,2021-10-03 00:42:37,40.1629,-8.3327,66.07,92,100,10.98
235,Ust-Barguzin,RU,2021-10-03 00:42:38,53.45,108.9833,38.68,75,98,2.15
236,Catuday,PH,2021-10-03 00:42:38,16.2923,119.8062,82.11,73,25,8.5
237,Kathmandu,NP,2021-10-03 00:42:38,27.7167,85.3167,68.22,94,75,0.0
238,Oranjemund,NA,2021-10-03 00:42:39,-28.55,16.4333,53.37,74,0,19.82
239,Wakkanai,JP,2021-10-03 00:42:39,45.4094,141.6739,60.78,51,20,17.27
240,Leshukonskoye,RU,2021-10-03 00:42:40,64.8989,45.7622,39.83,87,100,4.0
241,Zhangjiakou,CN,2021-10-03 00:42:40,40.81,114.8794,62.19,72,39,1.07
242,Aswan,EG,2021-10-03 00:42:40,24.0934,32.907,76.3,38,0,10.36
243,Chabahar,IR,2021-10-03 00:42:41,25.2919,60.643,81.79,79,100,24.4
244,Amga,RU,2021-10-03 00:42:41,60.8953,131.9608,30.67,81,100,2.48
245,Harer,ET,2021-10-03 00:42:42,9.3094,42.1258,59.45,81,18,1.25
246,Mayumba,GA,2021-10-03 00:42:42,-3.432,10.6554,75.45,90,97,8.72
247,Praia Da Vitoria,PT,2021-10-03 00:42:43,38.7333,-27.0667,72.75,94,75,11.45
248,Valparaiso,CL,2021-10-03 00:42:43,-33.0393,-71.6273,55.04,62,0,4.61
249,Balabac,PH,2021-10-03 00:42:43,7.9868,117.0645,81.9,81,100,9.82
250,Banjar,ID,2021-10-03 00:42:44,-8.19,114.9675,80.46,68,20,7.05
251,Presidente Epitacio,BR,2021-10-03 00:42:44,-21.7633,-52.1156,71.13,91,100,10.78
252,Lewiston,US,2021-10-03 00:42:45,44.1003,-70.2148,56.39,96,90,0.0
253,Goderich,CA,2021-10-03 00:41:10,43.7501,-81.7165,70.12,52,100,14.97
254,Sant Cugat Del Valles,ES,2021-10-03 00:42:45,41.4667,2.0833,73.72,84,75,3.44
255,Honiara,SB,2021-10-03 00:42:46,-9.4333,159.95,84.33,75,98,3.62
256,Katsuura,JP,2021-10-03 00:42:46,35.1333,140.3,73.51,74,0,9.69
257,Port Blair,IN,2021-10-03 00:42:46,11.6667,92.75,77.04,94,75,4.61
258,Arlit,NE,2021-10-03 00:42:47,18.7369,7.3853,82.6,18,0,11.03
259,The Valley,AI,2021-10-03 00:41:28,18.217,-63.0578,85.86,72,69,17.72
260,Majene,ID,2021-10-03 00:42:47,-3.5403,118.9707,82.67,74,37,4.23
261,Bowen,AU,2021-10-03 00:42:48,-20.0167,148.2333,86.22,76,13,12.8
262,Bud,US,2021-10-03 00:41:09,39.447,-86.1758,71.02,98,100,8.84
263,Porto Empedocle,IT,2021-10-03 00:42:49,37.2934,13.5264,68.9,77,5,8.19
264,Washington,US,2021-10-03 00:42:49,47.5001,-120.5015,69.03,39,5,2.57
265,Hervey Bay,AU,2021-10-03 00:42:49,-25.2986,152.8535,81.03,54,0,10.22
266,Sal Rei,CV,2021-10-03 00:42:50,16.1833,-22.9167,79.36,85,70,13.67
267,San Onofre,CO,2021-10-03 00:42:51,9.7359,-75.5263,78.75,86,49,3.29
268,Hamilton,US,2021-10-03 00:38:19,39.1834,-84.5333,73.65,88,40,5.75
269,Cherepet,RU,2021-10-03 00:42:51,54.1178,36.3788,37.92,84,18,3.24
270,Alice Springs,AU,2021-10-03 00:42:52,-23.7,133.8833,69.35,37,0,10.36
271,Omidiyeh,IR,2021-10-03 00:42:52,30.7597,49.705,78.55,17,0,5.41
272,Klaksvik,FO,2021-10-03 00:42:52,62.2266,-6.589,50.92,90,100,21.7
273,Biltine,TD,2021-10-03 00:42:53,14.5333,20.9167,82.54,24,38,7.94
274,Jumla,NP,2021-10-03 00:42:53,29.2747,82.1838,54.82,87,12,4.0
275,Talnakh,RU,2021-10-03 00:42:54,69.4865,88.3972,16.54,91,39,1.72
276,Mica,RO,2021-10-03 00:42:54,46.3667,24.4167,41.14,93,6,4.61
277,Tarnogskiy Gorodok,RU,2021-10-03 00:42:54,60.4997,43.5761,42.78,91,100,2.06
278,Gigmoto,PH,2021-10-03 00:42:55,13.7796,124.39,82.29,82,100,3.65
279,Chapais,CA,2021-10-03 00:42:56,49.7834,-74.8492,42.58,78,0,4.18
280,Moranbah,AU,2021-10-03 00:42:56,-22.0016,148.0466,91.15,20,0,10.94
281,Kaka,TM,2021-10-03 00:42:57,37.3482,59.6143,52.52,31,0,5.12
282,Krasnaya Gorka,RU,2021-10-03 00:42:58,55.1962,56.6673,36.18,93,99,4.45
283,Saint-Denis,FR,2021-10-03 00:42:58,48.9167,2.3333,64.18,92,90,4.0
284,Dongsheng,CN,2021-10-03 00:42:59,39.8161,109.9776,57.94,36,0,16.26
285,Flin Flon,CA,2021-10-03 00:42:59,54.7682,-101.865,53.49,45,94,1.63
286,Oranjestad,AW,2021-10-03 00:39:08,12.524,-70.027,84.15,80,20,4.0
287,Leningradskiy,RU,2021-10-03 00:43:00,69.3833,178.4167,20.68,72,12,9.84
288,Mortka,RU,2021-10-03 00:43:00,59.3322,66.0214,33.76,68,100,8.55
289,Yambio,SS,2021-10-03 00:43:01,4.5721,28.3955,67.23,99,97,2.57
290,Elizabeth City,US,2021-10-03 00:43:01,36.2946,-76.2511,72.01,78,1,1.01
291,Valley Station,US,2021-10-03 00:43:02,38.1112,-85.8702,75.31,85,90,1.99
292,Sitio Novo Do Tocantins,BR,2021-10-03 00:43:02,-5.5183,-47.4611,76.93,100,75,2.3
293,Walvis Bay,NA,2021-10-03 00:43:03,-22.9575,14.5053,54.09,87,0,8.05
294,Volga,RU,2021-10-03 00:43:04,57.9516,38.3879,38.32,93,51,3.85
295,Millet,CA,2021-10-03 00:43:04,53.1001,-113.4687,57.16,34,98,5.73
296,Abeche,TD,2021-10-03 00:43:04,13.8292,20.8324,81.03,32,38,9.89
297,Celestun,MX,2021-10-03 00:43:05,20.8667,-90.4,83.26,72,99,14.43
298,Nizhniy Tsasuchey,RU,2021-10-03 00:43:06,50.5167,115.1333,40.26,51,100,11.45
299,Talaya,RU,2021-10-03 00:43:06,61.3833,152.75,30.56,85,30,3.98
300,Moron,AR,2021-10-03 00:38:21,-34.6534,-58.6198,62.35,81,100,7.0
301,Kralendijk,BQ,2021-10-03 00:43:07,12.15,-68.2667,84.18,74,20,18.41
302,Puerto Carreno,CO,2021-10-03 00:43:07,6.189,-67.4859,80.15,78,53,3.56
303,Kemi,FI,2021-10-03 00:43:08,65.8596,24.8228,46.17,93,75,10.36
304,Ahipara,NZ,2021-10-03 00:43:08,-35.1667,173.1667,65.19,65,100,16.6
305,Pochutla,MX,2021-10-03 00:43:08,15.7432,-96.4661,84.02,88,35,3.49
306,Vardo,NO,2021-10-03 00:39:44,70.3705,31.1107,48.65,84,100,26.08
307,Barcelos,PT,2021-10-03 00:43:09,41.5388,-8.6151,66.92,98,100,15.37
308,Dingle,PH,2021-10-03 00:43:10,10.9995,122.6711,81.99,82,100,2.64
309,Codrington,AU,2021-10-03 00:43:10,-38.2667,141.9667,60.98,79,100,13.53
310,Cozumel,MX,2021-10-03 00:43:10,20.5083,-86.9458,82.99,84,40,1.01
311,Ulladulla,AU,2021-10-03 00:43:11,-35.35,150.4667,70.7,52,7,0.58
312,Alekseyevsk,RU,2021-10-03 00:43:11,57.8406,108.3492,35.04,73,94,2.57
313,Waw,SS,2021-10-03 00:43:12,7.7029,27.9953,69.85,97,100,5.75
314,Sabha,LY,2021-10-03 00:43:12,27.0377,14.4283,74.26,39,89,9.55
315,Saint Anthony,US,2021-10-03 00:43:13,45.0205,-93.218,68.05,94,90,9.22
316,Ariquemes,BR,2021-10-03 00:43:13,-9.9133,-63.0408,80.11,63,80,2.39
317,Iquique,CL,2021-10-03 00:43:14,-20.2208,-70.1431,60.84,76,43,4.74
318,Atar,MR,2021-10-03 00:43:14,20.5169,-13.0499,89.35,25,82,3.36
319,Kysyl-Syr,RU,2021-10-03 00:43:14,63.8986,122.7617,34.2,61,15,3.69
320,Vagur,FO,2021-10-03 00:43:15,61.4732,-6.8119,48.38,91,100,26.24
321,Ormara,PK,2021-10-03 00:43:15,25.2088,64.6357,82.18,77,24,7.85
322,Ostrovnoy,RU,2021-10-03 00:43:16,68.0531,39.5131,47.26,83,100,17.13
323,Avera,US,2021-10-03 00:43:16,33.194,-82.5271,74.71,56,100,2.46
324,Acapulco,MX,2021-10-03 00:41:56,16.8634,-99.8901,81.05,82,59,1.77
325,Kurilsk,RU,2021-10-03 00:43:17,45.2333,147.8833,55.02,76,80,21.25
326,Pontianak,ID,2021-10-03 00:39:42,-0.0333,109.3333,78.78,88,20,5.75
327,Chokurdakh,RU,2021-10-03 00:43:18,70.6333,147.9167,24.58,95,100,5.59
328,Miraflores,MX,2021-10-03 00:43:18,19.2167,-98.8083,68.65,89,100,3.22
329,Aklavik,CA,2021-10-03 00:43:19,68.2191,-135.0107,36.32,96,100,15.1
330,Mahebourg,MU,2021-10-03 00:41:05,-20.4081,57.7,72.25,88,40,11.5
331,Gravdal,NO,2021-10-03 00:43:19,68.1214,13.5031,51.73,87,100,14.85
332,Ingham,US,2021-10-03 00:43:20,42.6,-84.3833,66.38,95,40,5.75
333,Maan,PH,2021-10-03 00:43:20,5.9339,124.7356,84.43,74,26,3.8
334,Houma,US,2021-10-03 00:43:21,29.5958,-90.7195,78.01,93,100,4.83
335,Peniche,PT,2021-10-03 00:43:21,39.3558,-9.3811,69.62,91,100,19.28
336,College,US,2021-10-03 00:43:21,64.8569,-147.8028,35.58,95,90,0.0
337,San Jose,US,2021-10-03 00:41:13,37.3394,-121.895,93.09,25,1,4.0
338,Danilovka,RU,2021-10-03 00:43:22,50.3557,44.1168,45.03,63,10,1.12
339,Miri,MY,2021-10-03 00:43:22,4.4148,114.0089,78.94,89,40,6.91
340,Samarinda,ID,2021-10-03 00:41:19,-0.5,117.15,82.44,77,63,2.71
341,Veraval,IN,2021-10-03 00:43:23,20.9,70.3667,79.81,85,100,5.97
342,Omboue,GA,2021-10-03 00:39:58,-1.5746,9.2618,76.5,87,100,7.87
343,Itarema,BR,2021-10-03 00:43:24,-2.9248,-39.9167,78.58,82,2,15.88
344,Gari,RU,2021-10-03 00:43:24,59.4307,62.3497,26.71,96,92,5.5
345,Brainerd,US,2021-10-03 00:43:24,46.358,-94.2008,64.42,77,90,4.61
346,Honningsvag,NO,2021-10-03 00:43:25,70.9821,25.9704,49.86,83,96,23.4
347,Dagda,LV,2021-10-03 00:43:25,56.0951,27.5372,46.22,84,100,9.08
348,Bonthe,SL,2021-10-03 00:43:26,7.5264,-12.505,76.21,91,100,2.39
349,Lokosovo,RU,2021-10-03 00:43:26,61.1333,74.8167,29.97,97,100,8.01
350,Thai Binh,VN,2021-10-03 00:43:26,20.45,106.3333,84.2,74,96,5.97
351,Verkh-Usugli,RU,2021-10-03 00:43:27,52.7,115.1667,38.17,49,54,2.26
352,Alta Floresta,BR,2021-10-03 00:43:27,-9.8756,-56.0861,69.75,93,100,4.9
353,Semey,KZ,2021-10-03 00:41:13,50.4111,80.2275,37.62,75,0,8.95
354,Candelaria,PH,2021-10-03 00:43:28,13.9311,121.4233,82.38,81,99,5.84
355,Cortez,US,2021-10-03 00:43:29,37.3489,-108.5859,65.52,45,1,10.36
356,Calimete,CU,2021-10-03 00:43:29,22.5333,-80.9061,77.14,81,5,7.65
357,Yinchuan,CN,2021-10-03 00:43:30,38.4681,106.2731,66.88,20,88,9.28
358,Nehe,CN,2021-10-03 00:43:30,48.4833,124.8333,42.21,92,100,16.55
359,Hambantota,LK,2021-10-03 00:43:31,6.1241,81.1185,75.54,100,20,1.14
360,Koungheul,SN,2021-10-03 00:43:31,13.9833,-14.8,80.62,78,99,5.14
361,Carnduff,CA,2021-10-03 00:43:32,49.1667,-101.8009,56.37,27,0,7.99
362,Blagoveshchenka,RU,2021-10-03 00:43:32,52.8333,79.8667,34.07,84,98,8.86
363,Eyl,SO,2021-10-03 00:39:55,7.9803,49.8164,78.78,81,99,13.91
364,Olafsvik,IS,2021-10-03 00:40:59,64.8945,-23.7142,40.1,78,100,31.99
365,Port Hawkesbury,CA,2021-10-03 00:43:33,45.6169,-61.3485,53.19,89,90,5.01
366,Staunton,US,2021-10-03 00:43:34,38.1496,-79.0717,65.95,69,1,0.0
367,Kuala Terengganu,MY,2021-10-03 00:43:34,5.3302,103.1408,76.95,100,20,0.0
368,Zverinogolovskoye,RU,2021-10-03 00:43:34,54.4586,64.8542,37.45,68,100,7.65
369,Chinna Salem,IN,2021-10-03 00:43:35,11.65,78.9,77.95,85,100,3.13
370,Seddon,AU,2021-10-03 00:40:26,-37.8068,144.8916,73.2,66,40,8.05
371,Pangnirtung,CA,2021-10-03 00:43:35,66.1451,-65.7125,37.33,82,19,1.68
372,Prince Rupert,CA,2021-10-03 00:43:36,54.3161,-130.3201,47.89,88,90,13.8
373,Carson City,US,2021-10-03 00:43:36,39.1638,-119.7674,79.54,10,1,13.8
374,Rock Sound,BS,2021-10-03 00:43:36,24.9,-76.2,81.73,71,74,20.33
375,Urucara,BR,2021-10-03 00:43:37,-2.5364,-57.76,74.61,96,100,2.33
376,Huanren,CN,2021-10-03 00:43:37,41.2647,125.3667,57.0,96,100,6.35
377,Vila Franca Do Campo,PT,2021-10-03 00:43:38,37.7167,-25.4333,74.19,91,85,7.11
378,Kaeo,NZ,2021-10-03 00:43:38,-35.1,173.7833,67.32,72,100,12.01
379,Naze,JP,2021-10-03 00:43:39,28.3667,129.4833,81.52,64,0,16.93
380,Victor Harbor,AU,2021-10-03 00:43:39,-35.5667,138.6167,61.47,81,91,1.99
381,Plettenberg Bay,ZA,2021-10-03 00:43:40,-34.0527,23.3716,49.19,73,66,9.53
382,Vanavara,RU,2021-10-03 00:40:15,60.34,102.2797,32.72,86,79,4.61
383,Mehriz,IR,2021-10-03 00:43:40,31.5917,54.4318,66.7,34,33,4.88
384,Sur,OM,2021-10-03 00:42:17,22.5667,59.5289,83.53,73,100,18.52
385,Nyagan,RU,2021-10-03 00:43:41,62.1406,65.3936,28.42,89,20,7.05
386,Tura,IN,2021-10-03 00:43:41,25.5198,90.2201,73.47,96,87,3.78
387,Pierre,US,2021-10-03 00:43:41,44.3683,-100.351,70.86,61,1,5.99
388,Hobyo,SO,2021-10-03 00:43:42,5.3505,48.5268,77.88,88,23,19.35
389,Gobabis,NA,2021-10-03 00:43:42,-22.45,18.9667,50.0,23,0,9.17
390,Kanniyakumari,IN,2021-10-03 00:43:43,8.0833,77.5667,79.11,82,14,7.34
391,Saint-Pierre,RE,2021-10-03 00:43:43,-21.3393,55.4781,69.48,68,0,6.91
392,Kemin,KG,2021-10-03 00:43:44,42.7846,75.6892,35.46,62,0,4.47
393,Tilichiki,RU,2021-10-03 00:41:48,60.4667,166.1,40.89,80,100,7.34
394,Sabang,ID,2021-10-03 00:43:44,5.8933,95.3214,81.14,78,29,3.69
395,Dawlatabad,AF,2021-10-03 00:43:45,36.4141,64.9053,50.83,26,0,3.38
396,Jacareacanga,BR,2021-10-03 00:43:45,-6.2222,-57.7528,72.45,98,100,1.21
397,Lake City,US,2021-10-03 00:43:45,30.1897,-82.6393,78.01,78,1,3.44
398,Ewa Beach,US,2021-10-03 00:43:46,21.3156,-158.0072,87.75,52,40,6.91
399,Marzuq,YE,2021-10-03 00:43:47,14.4,46.4667,76.14,49,99,2.33
400,Yumen,CN,2021-10-03 00:43:47,40.2833,97.2,42.64,50,100,18.19
401,Hofn,IS,2021-10-03 00:43:47,64.2539,-15.2082,45.88,69,94,20.62
402,Maceio,BR,2021-10-03 00:43:48,-9.6658,-35.7353,78.24,94,20,4.61
403,Vao,NC,2021-10-03 00:43:48,-22.6667,167.4833,72.16,92,98,15.66
404,Duki,PK,2021-10-03 00:43:48,30.1541,68.5728,75.69,63,31,4.54
405,Berdigestyakh,RU,2021-10-03 00:43:49,62.0989,126.6992,33.89,64,8,3.27
406,Ust-Tsilma,RU,2021-10-03 00:43:49,65.441,52.1498,36.12,78,100,4.12
407,Amapa,BR,2021-10-03 00:43:50,1.0,-52.0,73.24,96,100,2.82
408,Bilma,NE,2021-10-03 00:43:51,18.6853,12.9164,81.66,20,0,7.2
409,Sandpoint,US,2021-10-03 00:43:51,48.2766,-116.5533,63.68,64,75,0.0
410,Pincher Creek,CA,2021-10-03 00:43:52,49.4833,-113.952,62.71,27,75,32.21
411,Vanimo,PG,2021-10-03 00:43:52,-2.6741,141.3028,82.45,79,100,0.31
412,Tabuk,PH,2021-10-03 00:43:53,17.4189,121.4443,81.54,79,98,2.37
413,Mackay,AU,2021-10-03 00:43:53,-21.15,149.2,93.69,58,2,11.5
414,Waipawa,NZ,2021-10-03 00:43:54,-41.4122,175.5153,56.03,53,100,2.68
415,Fuengirola,ES,2021-10-03 00:43:55,36.54,-4.6247,72.09,67,75,2.3
416,Fallon,US,2021-10-03 00:43:55,39.4735,-118.7774,80.47,6,20,5.75
417,Duldurga,RU,2021-10-03 00:43:55,50.6761,113.5931,38.19,59,100,5.88
418,Noumea,NC,2021-10-03 00:43:56,-22.2763,166.4572,85.98,74,90,7.87
419,Westport,US,2021-10-03 00:43:56,41.1415,-73.3579,69.94,81,1,1.01
420,Esperance,AU,2021-10-03 00:43:56,-33.8667,121.9,53.44,72,100,26.15
421,Anadyr,RU,2021-10-03 00:43:57,64.75,177.4833,32.5,93,90,11.01
422,Paris,FR,2021-10-03 00:40:09,48.8534,2.3488,64.18,93,90,4.0
423,Rocky Mount,US,2021-10-03 00:43:57,35.9382,-77.7905,70.9,82,1,0.0
424,Abu Dhabi,AE,2021-10-03 00:40:16,24.4667,54.3667,89.62,84,20,8.05
425,Tumen,CN,2021-10-03 00:43:58,42.9661,129.8425,54.5,77,100,3.11
426,Arraial Do Cabo,BR,2021-10-03 00:39:42,-22.9661,-42.0278,70.93,93,100,8.25
427,Kamenka,RU,2021-10-03 00:43:59,51.3223,42.7678,49.57,69,100,5.06
428,Durban,ZA,2021-10-03 00:44:00,-29.8579,31.0292,58.12,91,100,10.0
429,Salinopolis,BR,2021-10-03 00:44:00,-0.6136,-47.3561,80.65,76,86,12.62
430,Clyde River,CA,2021-10-03 00:44:01,70.4692,-68.5914,36.79,85,100,4.72
431,Borba,BR,2021-10-03 00:44:01,-4.3878,-59.5939,72.91,98,67,3.44
432,Muros,ES,2021-10-03 00:44:01,42.7762,-9.0603,59.23,92,100,11.34
433,Formosa,AR,2021-10-03 00:42:38,-26.1775,-58.1781,71.58,94,90,5.75
434,Nishihara,JP,2021-10-03 00:44:02,26.1842,127.7558,85.68,70,40,12.66
435,Mankono,CI,2021-10-03 00:44:03,8.0586,-6.1897,71.69,95,99,2.93
436,Hegang,CN,2021-10-03 00:44:03,47.4,130.3667,43.66,80,100,10.98
437,Mkushi,ZM,2021-10-03 00:44:04,-13.6202,29.3939,72.09,40,95,2.66
438,Felanitx,ES,2021-10-03 00:44:04,39.4696,3.1483,69.96,80,5,7.83
439,Terra Santa,BR,2021-10-03 00:44:05,-2.1042,-56.4869,74.95,94,100,0.83
440,Christchurch,NZ,2021-10-03 00:42:10,-43.5333,172.6333,62.8,45,100,11.5
441,Caetite,BR,2021-10-03 00:39:51,-14.0694,-42.475,72.88,35,0,6.4
442,Tha Bo,TH,2021-10-03 00:44:05,17.85,102.5814,78.69,94,90,6.91
443,Ransang,PH,2021-10-03 00:44:06,8.9603,117.5828,83.68,75,100,5.41
444,Vung Tau,VN,2021-10-03 00:41:53,10.346,107.0843,77.9,88,100,6.62
445,Millville,US,2021-10-03 00:44:06,39.4021,-75.0393,69.93,93,1,0.0
446,Upington,ZA,2021-10-03 00:44:07,-28.4478,21.2561,52.18,58,0,5.75
447,Piacabucu,BR,2021-10-03 00:44:07,-10.4056,-36.4344,75.52,89,2,8.93
448,New Amsterdam,GY,2021-10-03 00:44:08,6.25,-57.5167,78.44,80,73,5.21
449,Xining,CN,2021-10-03 00:44:08,36.6167,101.7667,54.63,57,100,2.75
450,Bridgetown,BB,2021-10-03 00:43:24,13.1,-59.6167,84.69,70,40,21.85
451,Perelyub,RU,2021-10-03 00:44:09,51.8667,50.3667,49.82,73,100,5.08
452,Chontalpa,MX,2021-10-03 00:44:09,17.7,-93.5167,77.77,86,100,3.22
453,Saginaw,US,2021-10-03 00:44:10,43.3334,-84.0333,69.15,91,90,6.91
454,Zelenogorskiy,RU,2021-10-03 00:44:11,55.0333,87.0,32.52,94,100,8.68
455,Erenhot,CN,2021-10-03 00:44:11,43.6475,111.9767,46.04,42,100,15.7
456,Aksha,RU,2021-10-03 00:44:11,50.2814,113.2867,37.08,70,100,4.07
457,Belomorsk,RU,2021-10-03 00:44:12,64.5232,34.7668,42.48,96,89,5.53
458,Kitob,UZ,2021-10-03 00:44:12,39.0843,66.8332,46.98,42,0,1.61
459,Kharp,RU,2021-10-03 00:44:12,66.8014,65.8081,28.72,89,73,4.43
460,Okhotsk,RU,2021-10-03 00:44:13,59.3833,143.3,42.39,64,90,14.72
461,Havoysund,NO,2021-10-03 00:44:13,70.9963,24.6622,52.68,85,95,13.06
462,Lasa,IT,2021-10-03 00:44:14,46.6166,10.7002,58.08,95,73,4.79
463,Waingapu,ID,2021-10-03 00:44:14,-9.6567,120.2641,84.2,59,91,2.62
464,Athabasca,CA,2021-10-03 00:43:16,54.7169,-113.2854,60.62,39,57,3.58
465,Krasnoselkup,RU,2021-10-03 00:44:16,65.7,82.4667,27.32,95,100,10.04
466,Le Port,RE,2021-10-03 00:44:16,-20.9373,55.2919,69.8,72,14,8.19
467,Egvekinot,RU,2021-10-03 00:44:17,66.3167,-179.1667,17.74,91,81,3.51
468,Broome,US,2021-10-03 00:44:17,42.2506,-75.833,62.98,70,100,1.01
469,Oussouye,SN,2021-10-03 00:44:18,12.485,-16.5469,82.49,83,63,3.76
470,Prince Albert,CA,2021-10-03 00:44:18,53.2001,-105.7677,60.75,31,90,4.61
471,Port Macquarie,AU,2021-10-03 00:39:37,-31.4333,152.9167,77.9,40,2,4.94
472,Basco,PH,2021-10-03 00:44:19,20.4487,121.9702,83.77,69,34,18.25
473,Komsomolskiy,UZ,2021-10-03 00:44:19,40.4272,71.7189,52.52,46,93,4.61
474,Worthington,US,2021-10-03 00:44:13,40.0931,-83.018,70.52,93,90,0.0
475,Nola,IT,2021-10-03 00:44:20,40.922,14.5329,69.93,81,20,2.89
476,Kayerkan,RU,2021-10-03 00:44:21,69.3497,87.7602,23.14,94,95,6.24
477,Pyinmana,MM,2021-10-03 00:44:21,19.7333,96.2167,75.72,86,98,3.4
478,Sioux Lookout,CA,2021-10-03 00:43:04,50.1001,-91.917,57.58,94,90,3.44
479,Santa Marta,CO,2021-10-03 00:41:48,11.2408,-74.199,80.83,77,87,8.7
480,Ribeira Brava,PT,2021-10-03 00:44:22,32.65,-17.0667,72.72,81,0,2.64
481,Vilela,PT,2021-10-03 00:44:23,41.2251,-7.6034,59.09,94,100,10.71
482,Tucupita,VE,2021-10-03 00:44:23,9.0622,-62.051,74.46,94,100,4.03
483,San Policarpo,PH,2021-10-03 00:44:24,12.1791,125.5072,82.87,80,90,4.92
484,Duverge,DO,2021-10-03 00:44:24,18.3784,-71.5247,77.67,84,94,1.21
485,Camacari,BR,2021-10-03 00:44:25,-12.6975,-38.3242,78.57,93,1,7.34
486,Dunedin,NZ,2021-10-03 00:39:57,-45.8742,170.5036,54.81,77,100,4.0
487,Angoche,MZ,2021-10-03 00:44:25,-16.2325,39.9086,73.6,83,6,12.12
488,Puerto Escondido,MX,2021-10-03 00:44:26,15.85,-97.0667,85.03,58,75,0.0
489,Plouzane,FR,2021-10-03 00:44:26,48.3833,-4.6167,53.78,97,75,5.75
490,Edson,CA,2021-10-03 00:44:27,53.5835,-116.4356,57.34,38,20,13.8
491,Ilo,PE,2021-10-03 00:44:27,-17.6394,-71.3375,61.59,82,8,9.51
492,Warrnambool,AU,2021-10-03 00:44:28,-38.3833,142.4833,61.84,72,100,9.55
493,Pevek,RU,2021-10-03 00:44:28,69.7008,170.3133,25.14,84,94,20.51
494,Dakar,SN,2021-10-03 00:41:56,14.6937,-17.4441,75.33,94,40,13.8
495,Bayir,TR,2021-10-03 00:44:29,37.2687,28.2167,54.12,53,0,4.74
496,Taldan,RU,2021-10-03 00:44:29,53.6667,124.8,39.76,48,8,4.76
497,Purpe,RU,2021-10-03 00:44:30,64.4803,76.6897,26.82,95,100,15.01
498,Ufimskiy,RU,2021-10-03 00:44:30,56.7084,58.0517,30.15,93,6,4.59
499,Xaltianguis,MX,2021-10-03 00:44:31,17.0667,-99.8333,70.77,94,78,0.09
500,Marsh Harbour,BS,2021-10-03 00:44:31,26.5412,-77.0636,81.07,58,5,17.9
501,Santa Maria,BR,2021-10-03 00:41:38,-29.6842,-53.8069,65.5,88,0,10.36
502,Tarrafal,CV,2021-10-03 00:44:32,15.2833,-23.7667,79.59,85,36,11.92
503,Turkistan,KZ,2021-10-03 00:44:32,43.0,68.0,43.65,36,0,5.75
504,Machinga,MW,2021-10-03 00:44:33,-15.1685,35.3,72.45,52,1,4.25
505,Radhanpur,IN,2021-10-03 00:44:33,23.8333,71.6,81.97,79,15,6.06
506,Santiago De Cao,PE,2021-10-03 00:44:34,-7.9589,-79.2392,60.93,88,68,9.22
507,Arica,CL,2021-10-03 00:41:28,-18.475,-70.3042,61.03,77,90,8.05
508,Zhigansk,RU,2021-10-03 00:44:34,66.7697,123.3711,30.6,75,24,9.95
509,Bagdarin,RU,2021-10-03 00:44:35,54.4333,113.6,37.27,51,16,0.22
510,Magrath,CA,2021-10-03 00:44:35,49.4167,-112.8686,66.97,24,90,11.5
511,Bang Saphan,TH,2021-10-03 00:44:36,11.2126,99.5117,78.75,83,100,4.03
512,Tautira,PF,2021-10-03 00:44:36,-17.7333,-149.15,84.22,76,8,12.86
513,Luderitz,NA,2021-10-03 00:44:36,-26.6481,15.1594,55.94,70,0,23.04
514,Isla Aguada,MX,2021-10-03 00:44:37,18.7833,-91.4667,84.38,72,69,12.06
515,Namibe,AO,2021-10-03 00:39:39,-15.1961,12.1522,58.48,88,6,4.07
516,Calvinia,ZA,2021-10-03 00:44:37,-31.4707,19.776,38.89,79,0,3.49
517,Manacapuru,BR,2021-10-03 00:44:38,-3.2997,-60.6206,77.58,87,11,3.22
518,Mocuba,MZ,2021-10-03 00:44:38,-16.8392,36.9856,78.3,49,2,4.92
519,Mount Isa,AU,2021-10-03 00:44:39,-20.7333,139.5,94.77,10,2,12.66
520,Flagstaff,US,2021-10-03 00:43:59,35.1981,-111.6513,67.68,43,1,4.61
521,Kindu,CD,2021-10-03 00:44:39,-2.95,25.95,69.42,99,100,3.24
522,Persianovskiy,RU,2021-10-03 00:44:40,47.5137,40.1075,59.56,58,0,13.42
523,Santa Rosa,PH,2021-10-03 00:44:40,14.3122,121.1114,86.86,71,100,5.86
524,Portland,US,2021-10-03 00:40:13,45.5234,-122.6762,72.41,54,20,1.01
525,Troitsko-Pechorsk,RU,2021-10-03 00:44:41,62.7084,56.1964,35.6,65,100,3.98
526,Moerai,PF,2021-10-03 00:44:41,-22.4333,-151.3333,75.87,75,100,7.11
527,Fukue,JP,2021-10-03 00:44:42,32.6881,128.8419,77.36,83,20,9.22
528,Zabid,YE,2021-10-03 00:44:42,14.1951,43.3152,87.03,69,100,3.83
529,Salta,AR,2021-10-03 00:42:18,-24.7859,-65.4117,73.99,49,20,8.05
530,Turukhansk,RU,2021-10-03 00:44:43,65.8167,87.9833,31.32,93,100,2.04
531,Micheweni,TZ,2021-10-03 00:44:43,-4.9667,39.8333,75.0,85,72,8.46
532,Nha Trang,VN,2021-10-03 00:44:01,12.25,109.1833,82.4,84,100,4.29
533,Sao Jose Da Coroa Grande,BR,2021-10-03 00:44:44,-8.8978,-35.1478,76.05,86,10,9.53
534,Pardina,RO,2021-10-03 00:44:44,45.3064,28.9569,46.99,61,94,7.27
535,Shimoda,JP,2021-10-03 00:44:45,34.6667,138.95,73.11,68,0,14.56
536,Mitsamiouli,KM,2021-10-03 00:44:45,-11.3847,43.2844,75.51,78,33,13.4
537,Gambela,ET,2021-10-03 00:44:45,8.25,34.5833,68.5,95,99,2.19
538,Dobsina,SK,2021-10-03 00:44:46,48.8207,20.3699,49.08,90,86,2.39
539,Kahului,US,2021-10-03 00:41:02,20.8947,-156.47,88.86,67,40,20.71
540,Dourbali,TD,2021-10-03 00:44:46,11.8091,15.8632,80.64,32,71,6.35
541,Nyurba,RU,2021-10-03 00:44:47,63.2842,118.3319,33.91,68,91,0.51
542,Laguna,US,2021-10-03 00:44:36,38.421,-121.4238,92.93,22,1,1.01
543,Fairbanks,US,2021-10-03 00:44:47,64.8378,-147.7164,35.6,95,90,1.01
544,Chinsali,ZM,2021-10-03 00:44:48,-10.5414,32.0816,72.12,42,100,2.73
545,Mogadishu,SO,2021-10-03 00:44:48,2.0371,45.3438,77.7,84,25,14.0
546,Barreirinhas,BR,2021-10-03 00:44:48,-2.7469,-42.8264,78.89,78,9,10.87
547,Cururupu,BR,2021-10-03 00:44:49,-1.8283,-44.8683,75.6,87,12,3.85
548,Planeta Rica,CO,2021-10-03 00:44:49,8.4147,-75.5883,77.18,91,99,7.49
549,Qasigiannguit,GL,2021-10-03 00:44:50,68.8193,-51.1922,17.28,92,27,4.41
